{"name":"618ea4bb-8cd4-412e-8770-d52ba62d3090","id":"/providers/Microsoft.Flow/flows/618ea4bb-8cd4-412e-8770-d52ba62d3090","type":"Microsoft.Flow/flows","properties":{"apiId":"/providers/Microsoft.PowerApps/apis/shared_logicflows","displayName":"Due data Reminder","definition":{"metadata":{"workflowEntityId":null,"processAdvisorMetadata":null,"flowclientsuspensionreason":"None","flowclientsuspensiontime":null,"flowclientsuspensionreasondetails":null,"creator":{"id":"8ef215c0-ebbf-474c-a99d-b32634775a1f","type":"User","tenantId":"ac8a1c7d-f463-4ce3-9fa6-9643ab6c36bb"},"provisioningMethod":"FromDefinition","failureAlertSubscription":true,"clientLastModifiedTime":"2022-11-04T16:31:43.820956Z"},"$schema":"https://schema.management.azure.com/providers/Microsoft.Logic/schemas/2016-06-01/workflowdefinition.json#","contentVersion":"1.0.0.0","parameters":{"$connections":{"defaultValue":{},"type":"Object"},"$authentication":{"defaultValue":{},"type":"SecureObject"}},"triggers":{"Recurrence":{"recurrence":{"frequency":"Day","interval":1,"startTime":"2022-11-05T02:00:00.000Z"},"metadata":{"operationMetadataId":"d9dba380-7a07-44db-9120-793df349b85d"},"type":"Recurrence"}},"actions":{"Compose_-_Remind_me_":{"runAfter":{"Initialize_variable_-_ListID":["Succeeded"]},"metadata":{"operationMetadataId":"af3fb9d1-b4c2-4023-92ca-6f3cb7a8a216"},"type":"Compose","inputs":3},"Scope":{"actions":{"Compose_-_Get_Reminder_Date":{"runAfter":{},"metadata":{"operationMetadataId":"b641c33c-f7d0-49eb-beff-85c10974b50c"},"type":"Compose","inputs":"@addDays(utcNow(),int(outputs('Compose_-_Remind_me_')),'yyyy-MM-dd')"},"Compose":{"runAfter":{"Compose_-_Get_Reminder_Date":["Succeeded"]},"metadata":{"operationMetadataId":"3683c909-f843-465a-9d85-e5c98271d7e8"},"type":"Compose","inputs":"@addDays(outputs('Compose_-_Get_Reminder_Date'),1,'yyyy-MM-dd')"},"Send_an_HTTP_request_to_SharePoint":{"runAfter":{"Compose":["Succeeded"]},"metadata":{"operationMetadataId":"0fbdb31c-4f60-470f-9f37-c053cd789236"},"type":"OpenApiConnection","inputs":{"host":{"apiId":"/providers/Microsoft.PowerApps/apis/shared_sharepointonline","connectionName":"shared_sharepointonline","operationId":"HttpRequest"},"parameters":{"dataset":"@variables('Site Url')","parameters/method":"GET","parameters/uri":"_api/web/lists/getById('@{variables('ListID')}')?$select=Title","parameters/headers":{"Accept":"application/json;odata=nometadata"}},"authentication":"@parameters('$authentication')"}},"Compose__-_ParseList_Name":{"runAfter":{"Parse_JSON":["Succeeded"]},"metadata":{"operationMetadataId":"45471620-508f-45bf-b528-9c1705cfa85f"},"type":"Compose","inputs":"@body('Parse_JSON')?['Title']"},"Get_items":{"runAfter":{"Compose__-_ParseList_Name":["Succeeded"]},"metadata":{"operationMetadataId":"3da041db-4a0a-46af-98d6-e590a21623fa"},"type":"OpenApiConnection","inputs":{"host":{"apiId":"/providers/Microsoft.PowerApps/apis/shared_sharepointonline","connectionName":"shared_sharepointonline","operationId":"GetItems"},"parameters":{"dataset":"@variables('Site Url')","table":"@variables('ListName')","$filter":"@concat(concat('DueDate',' ge ', '''',outputs('Compose_-_Get_Reminder_Date')),'''',' and ', concat('DueDate',' lt ','''', outputs('Compose'),''''))"},"authentication":"@parameters('$authentication')"}},"Condition":{"actions":{},"runAfter":{"Get_items":["Succeeded"]},"else":{"actions":{"Apply_to_each":{"foreach":"@outputs('Get_items')?['body/value']","actions":{"Send_an_email_notification_(V3)":{"runAfter":{},"metadata":{"operationMetadataId":"65b13f96-dacc-45b4-9bf0-2c44e0840bef"},"type":"OpenApiConnection","inputs":{"host":{"apiId":"/providers/Microsoft.PowerApps/apis/shared_sendmail","connectionName":"shared_sendmail","operationId":"SendEmailV3"},"parameters":{"request/to":"@{items('Apply_to_each')?['AssignedTo/Email']};","request/subject":"The \"@{items('Apply_to_each')?['{Name}']}\" work item is due in  day(s)@{outputs('Compose_-_Remind_me_')}","request/text":"<p>Hello @{items('Apply_to_each')?['AssignedTo']?['DisplayName']},<br>\n<br>\nThe \"@{items('Apply_to_each')?['Title']}\" work item in the \"@{outputs('Compose__-_ParseList_Name')}\" list is due in @{outputs('Compose_-_Remind_me_')} day(s) on @{items('Apply_to_each')?['DueDate']}. Please review the work item: <a href=\"@{items('Apply_to_each')?['{Link}']}\">Link to item</a>.</p>"},"authentication":"@parameters('$authentication')"}}},"runAfter":{},"metadata":{"operationMetadataId":"d56ae21f-d686-48ac-8050-81ff963a481b"},"type":"Foreach"}}},"expression":{"equals":["@empty(outputs('Get_items')?['body'])",true]},"metadata":{"operationMetadataId":"531b4292-0509-4e64-b1a8-6667d7cd2104"},"type":"If"},"Parse_JSON":{"runAfter":{"Send_an_HTTP_request_to_SharePoint":["Succeeded"]},"metadata":{"operationMetadataId":"e4d19bc0-4ccb-4e37-be4a-2730e4f24470"},"type":"ParseJson","inputs":{"content":"@body('Send_an_HTTP_request_to_SharePoint')","schema":{"type":"object","properties":{"Title":{"type":"string"}}}}}},"runAfter":{"Compose_-_Remind_me_":["Succeeded"]},"metadata":{"operationMetadataId":"c1f9bd6e-b9a1-4801-b762-8051bd8f73a3"},"type":"Scope"},"Initialize_variable_-_Site_Url":{"runAfter":{},"metadata":{"operationMetadataId":"b4ed4641-25e8-4d80-84c2-29b019d814bc"},"type":"InitializeVariable","inputs":{"variables":[{"name":"Site Url","type":"string","value":"https://gov210645.sharepoint.com/sites/PowerPlatformCOEWiki"}]},"description":"Add Your Site Url"},"Initialize_variable_-_ListName":{"runAfter":{"Initialize_variable_-_Site_Url":["Succeeded"]},"metadata":{"operationMetadataId":"1fdbc6bf-9d5e-4f5d-97b1-dca039c52b7a"},"type":"InitializeVariable","inputs":{"variables":[{"name":"ListName","type":"string","value":"Work progress tracker"}]},"description":"Add Your List DisplayName"},"Initialize_variable_-_ListID":{"runAfter":{"Initialize_variable_-_ListName":["Succeeded"]},"metadata":{"operationMetadataId":"8679f11e-9135-4ccb-a544-df36958b0227"},"type":"InitializeVariable","inputs":{"variables":[{"name":"ListID","type":"string","value":"88ad0a75edc44257b2c41e879affd07d"}]},"description":"You get this value by going to the List setting, it's in the url"}}},"connectionReferences":{"shared_sharepointonline":{"connectionName":"18e94b8cd65841a894538eeec92dd0a3","source":"Embedded","id":"/providers/Microsoft.PowerApps/apis/shared_sharepointonline","tier":"NotSpecified"},"shared_sendmail":{"connectionName":"shared-sendmail-1c5d8653-58d7-4b6b-b025-4a80-6d75f85d","source":"Embedded","id":"/providers/Microsoft.PowerApps/apis/shared_sendmail","tier":"NotSpecified"}},"flowFailureAlertSubscribed":false,"isManaged":false}}